mean_correlation,std_dev_correlation,median_correlation,proportion_significant
0.08565671089237652,0.3641176246283649,0.01294476847467465,0.1111111111111111
