mean_correlation,std_dev_correlation,median_correlation,proportion_significant
0.12166431710046946,0.34010345985843904,0.028940460448253998,0.1111111111111111
