mean_correlation,std_dev_correlation,median_correlation,proportion_significant
0.011872356738028155,0.1471077421198149,0.011912566272394986,0.0
