mean_correlation,std_dev_correlation,median_correlation,proportion_significant
0.07948902371121255,0.35125737632431947,-0.047734347861761485,0.1111111111111111
