mean_correlation,std_dev_correlation,median_correlation,proportion_significant
0.09931867907245454,0.35041247508210993,0.01230732054660093,0.1111111111111111
