mean_correlation,std_dev_correlation,median_correlation,proportion_significant
-0.013266486043488668,0.15510880339993252,-0.0073070496185592875,0.0
