mean_correlation,std_dev_correlation,median_correlation,proportion_significant
0.10077134041580652,0.3509638740233008,0.02909385355987156,0.1111111111111111
