mean_correlation,std_dev_correlation,median_correlation,proportion_significant
-0.01163224203221767,0.15767532417526792,0.0076739209617412525,0.0
