mean_correlation,std_dev_correlation,median_correlation,proportion_significant
0.17201495135381806,0.3190159057157787,0.09825467720368004,0.1111111111111111
