mean_correlation,std_dev_correlation,median_correlation,proportion_significant
0.09465869256523915,0.350559821654446,0.005998824801008793,0.1111111111111111
