mean_correlation,std_dev_correlation,median_correlation,proportion_significant
-0.018508970864105953,0.15162925744617634,-0.010488232002105212,0.0
