mean_correlation,std_dev_correlation,median_correlation,proportion_significant
0.08468074695259666,0.3589514257956337,0.019368829109190373,0.1111111111111111
