mean_correlation,std_dev_correlation,median_correlation,proportion_significant
-0.029734159678328757,0.16472690765791032,0.009701229256659838,0.0
