mean_correlation,std_dev_correlation,median_correlation,proportion_significant
0.17243217272298347,0.21360111281970923,0.14192895025271335,0.08333333333333333
