mean_correlation,std_dev_correlation,median_correlation,proportion_significant
0.2643841535315409,0.32893354461467866,0.1528420886538944,0.18518518518518517
