mean_correlation,std_dev_correlation,median_correlation,proportion_significant
-0.015153829734920188,0.15871013424078043,-0.012392732991129505,0.0
