mean_correlation,std_dev_correlation,median_correlation,proportion_significant
0.09764104023562652,0.3523799098016286,0.0006489360263368953,0.1111111111111111
